{
    "confidence_score": 0.7283647060394287,
    "ptm": 0.8264819979667664,
    "iptm": 0.7484363913536072,
    "ligand_iptm": 0.7484363913536072,
    "protein_iptm": 0.0,
    "complex_plddt": 0.7233467698097229,
    "complex_iplddt": 0.5368873476982117,
    "complex_pde": 0.6819985508918762,
    "complex_ipde": 1.7312979698181152,
    "chains_ptm": {
        "0": 0.8846115469932556,
        "1": 0.7832329869270325
    },
    "pair_chains_iptm": {
        "0": {
            "0": 0.8846115469932556,
            "1": 0.47537875175476074
        },
        "1": {
            "0": 0.7484363913536072,
            "1": 0.7832329869270325
        }
    }
}