{
    "confidence_score": 0.754296600818634,
    "ptm": 0.8387708067893982,
    "iptm": 0.782946765422821,
    "ligand_iptm": 0.782946765422821,
    "protein_iptm": 0.0,
    "complex_plddt": 0.7471340298652649,
    "complex_iplddt": 0.5765289664268494,
    "complex_pde": 0.5719423294067383,
    "complex_ipde": 1.536466360092163,
    "chains_ptm": {
        "0": 0.8860278129577637,
        "1": 0.8404459357261658
    },
    "pair_chains_iptm": {
        "0": {
            "0": 0.8860278129577637,
            "1": 0.4773975908756256
        },
        "1": {
            "0": 0.782946765422821,
            "1": 0.8404459357261658
        }
    }
}