Residue,RMSF
32,2.1782027708615987
33,1.6641718855148775
34,1.3668703891353087
35,1.3083012774498533
36,1.2037573674111952
37,1.4017721259748108
38,1.5005866695561505
39,1.3906509358956587
40,1.412045992229039
41,1.4381856795977224
42,1.5881529208837797
43,1.7641809001438538
44,1.9694684062611154
45,2.102619159951038
46,2.4852630491012837
47,2.3482182527229765
48,2.3044051235550347
49,1.9052899086854145
50,1.931872113735345
51,1.655732711503963
52,1.730882178183203
53,1.5684896115631848
54,1.6991830622378972
55,1.7859246103957724
56,2.291749980260921
57,2.3829789155605785
58,2.987293926204317
59,2.969427377019739
60,3.0021756504274837
61,2.610316036832895
62,2.6563605306395157
63,2.2146736882211977
64,2.146248285965293
65,1.8571729719565475
66,1.813461035448996
67,1.801179295058677
68,1.9351160728576349
69,2.954101009450556
70,3.22501209446049
71,3.2590689724630018
72,4.052970517202021
73,4.073415617524409
74,2.9857133480463456
75,3.0937814704032744
76,2.652510696523678
77,2.5846443543668256
78,3.5838782043713246
79,3.6397327118513663
80,4.381750813051148
81,4.807539571587249
82,3.9507680927531283
83,3.5438842940454025
84,2.97286511679727
85,2.584315282926458
86,2.6752248049632104
87,2.6872075107775166
88,3.0601651280543054
89,3.4879313453912855
90,3.9588863251117274
91,4.400540709062356
92,4.627620413177422
93,4.183251635152467
94,3.764063294015272
95,2.8350178671233213
96,2.3436613877812094
97,2.3064555929464583
98,2.070147509424085
99,2.1554727267187275
100,2.1659131831065506
101,2.593730282699224
102,2.5585921934762488
103,2.1120587671368316
104,2.1674525977314762
105,1.9818099356618581
106,2.101163316621578
107,1.8779635585848187
108,1.5634658034583344
109,1.5098699045128432
110,1.3246054570185863
111,1.2576180558323082
112,1.223174635452703
113,1.4086323713025364
114,1.618931750349699
115,1.8729515484889228
116,2.2698802290847193
117,2.56594951931783
118,3.1217328482135347
119,3.407831915208308
120,3.5724545767797027
121,3.349873977024866
122,2.8613635258855052
123,2.633264280883133
124,2.1497113687296894
125,1.6794273704564762
126,1.43348498835418
127,1.1740905627412481
128,1.2475374417590934
129,1.1923194608350927
130,1.1209074891967161
131,1.1756484316602527
132,1.25951023758064
133,1.4097920162414344
134,1.6021043420735734
135,1.7858869192429088
136,2.1420920092227127
137,2.6174821579832748
138,3.7295141536242578
139,4.832549919080268
