Residue,RMSF
32,1.5157389544691138
33,1.0585001212510725
34,0.6289422052614576
35,0.6492940807238252
36,0.596685700979104
37,0.6603374067963919
38,0.7028483440596238
39,0.7032784611754993
40,0.67862836656945
41,0.6540346201933276
42,0.7168444009547893
43,0.7089446192896595
44,0.7166304786831951
45,0.7404248350973306
46,0.8144855682063107
47,0.7599078761502949
48,0.6978345254080974
49,0.6551756151577786
50,0.6476018551068558
51,0.6551682216727736
52,0.6840669298205362
53,0.6081360515102556
54,0.7583799871219279
55,0.7748843098791788
56,1.2321750889340106
57,1.2447312931880796
58,1.7088671060744784
59,1.4874284690106292
60,1.2194635197653652
61,0.866300812566014
62,0.835641585839293
63,0.69555724505914
64,0.6140641948203902
65,0.5159825799346602
66,0.5361121383346136
67,0.6027932768272325
68,0.8156997340312584
69,1.561040063109645
70,1.5710285482773154
71,1.8373493700230654
72,2.944938290764765
73,2.209593203135503
74,2.2150529433092334
75,1.4151359923010587
76,0.8547234028297347
77,0.700709227269019
78,1.1942598051499578
79,1.8261140877263322
80,2.1001587458179363
81,2.6658276617410714
82,1.8500614262876618
83,1.2824258755233913
84,0.8085063823028882
85,0.7293757377827326
86,0.8475724680120708
87,0.931776076504843
88,1.7242213603233962
89,2.9324325380427227
90,3.524994277838695
91,3.9656095485455385
92,4.2193996252786095
93,3.233948035729969
94,2.4176698072734992
95,1.081992358977534
96,0.8888647680119004
97,0.8799288385174554
98,0.748578984805621
99,0.6121982172138555
100,0.62931050874155
101,0.722062077310102
102,0.7121911616240763
103,0.6340641867281486
104,0.7189624950259133
105,0.8318832343984419
106,0.8600426322820929
107,0.6027054091668778
108,0.6151348353818907
109,0.6657495769154391
110,0.5468512036173138
111,0.48552338834146913
112,0.5308065963071028
113,0.4957953998241317
114,0.576548485658988
115,0.6178544165923084
116,0.6862995703223068
117,1.0043847840243179
118,1.286515365292298
119,1.658000532963707
120,1.8175827924694814
121,1.8331093483223668
122,1.142783493728242
123,0.9297747281124175
124,0.7212365952558031
125,0.6636766594207126
126,0.6119088495358528
127,0.5304956799287174
128,0.6499399630307142
129,0.6442224916841103
130,0.6135082892090129
131,0.5924205176011981
132,0.5400095253108282
133,0.6403737064310041
134,0.7027286414595534
135,0.8371405181828948
136,1.1069941868522066
137,1.415646364221666
138,2.845500105674989
139,4.016740391722234
