Atoms,RMSF
140,16.688444031582062
140,16.34114356612224
140,16.340634962348503
140,16.782797236198828
140,16.171613208422475
140,15.745638150495877
140,15.965573631358616
140,16.15145692903182
140,17.010622371083414
140,16.4900430022913
