Atoms,RMSF
140,2.958797196634267
140,2.6845215598983407
140,2.353494393859725
140,1.6540372127485212
140,1.2072271899294928
140,0.9748453232120619
140,1.0202286815781088
140,1.6413024608969315
140,2.090621278529483
140,2.925609698464617
140,2.609447019765098
