Residue,RMSF
32,1.833201470298906
33,1.3278240667559575
34,0.9282589148648783
35,0.8525106848954987
36,0.6620722667116771
37,0.6739993959740592
38,0.6502000242356921
39,0.6411490809021071
40,0.583303856834117
41,0.5930721532135954
42,0.6721607265264097
43,0.7793864242473338
44,0.9299524461782782
45,1.0175441441915538
46,1.1623665809287713
47,1.048068660020422
48,0.9637050442342762
49,0.8062739554505832
50,0.7689098356046854
51,0.6831792885700869
52,0.7541890033956459
53,0.7640842166871707
54,0.9378295441641608
55,1.1723444329048542
56,1.7329968309675894
57,1.658765482972599
58,2.0497648979972354
59,1.9233272774944035
60,1.6465018546507504
61,1.2526225585204405
62,1.201376228602672
63,0.9448851559629535
64,0.7661515097687442
65,0.5808071015666312
66,0.5585001751057113
67,0.7004818456141219
68,1.1359395436998843
69,3.0552822419329897
70,4.728594077817177
71,3.955932447942099
72,3.6979516650021944
73,3.6901392909730624
74,2.914038184978514
75,2.0304549113653234
76,2.0312592315404365
77,1.0142485841971152
78,1.0281957166699636
79,1.2950807175141632
80,1.5202136357723877
81,1.7095765388785207
82,1.3980257514462455
83,1.397547690307228
84,1.0765475382125065
85,0.8188630443821282
86,0.8802655158667353
87,0.9485083729234306
88,0.985604091261471
89,1.0975903552016728
90,1.4636912243729492
91,1.8543174212126656
92,2.1374396668034183
93,1.8426256742021547
94,1.301810909361747
95,1.0808335842235708
96,0.8772057998517556
97,0.8846523840976043
98,0.733215897551804
99,0.7937993421639167
100,0.8169324422441562
101,1.0547404436711856
102,1.0844600945590688
103,0.9240603437022986
104,1.0122669030592226
105,0.999800195963618
106,1.0352793586450728
107,0.834775243992176
108,0.7231695450582458
109,0.7448186897497782
110,0.5502782578834049
111,0.4814829740648551
112,0.5687461029354014
113,0.596488093304868
114,0.6718059633217186
115,0.8281595912769969
116,0.9270326729846013
117,1.2049661665793148
118,1.5237195370745313
119,1.9715500349857553
120,2.4287779689159295
121,2.435327261061141
122,1.6067409688253342
123,1.493312729253291
124,1.0242187428516312
125,0.8466476627927937
126,0.7603922772874357
127,0.7087154367322761
128,0.7622763776784331
129,0.6550155575952821
130,0.5886307478104038
131,0.5438131661995668
132,0.536232911940101
133,0.6517609877025788
134,0.8003721270755313
135,0.9666409762303811
136,1.3932219525938008
137,1.7407223363057671
138,3.7317540338364212
139,5.180165406268182
