Atoms,RMSF
140,4.426447977155915
140,5.242203021361069
140,5.348581855224048
140,5.072327135641546
140,4.719013127477781
140,4.919273435896649
140,4.524419560054465
140,3.9801937714785236
140,3.2208833227950087
140,4.2036118390793495
140,3.8220762337126595
