Atoms,RMSF
109,21.55132458272249
109,22.387301869711788
109,21.39967689422181
109,20.76667715643689
109,20.045548779533434
109,20.352617699047773
109,20.47755312050897
109,20.30256973247515
109,19.727571504922878
109,19.74195568407253
109,20.408243571806043
