Atoms,RMSF
109,3.767765656458214
109,3.7718177041763603
109,2.792668918644106
109,1.916671435819142
109,1.2065349603485849
109,1.1465112284549466
109,1.1991789253646725
109,1.8628866834788196
109,2.2282229689749258
109,3.494042993602657
109,3.209510408250021
