Residue,RMSF
1,7.086573159458972
2,6.210798077958008
3,5.261305601262224
4,5.155860356505665
5,4.327969262734556
6,4.202623899856833
7,4.040663914503194
8,4.444139368567011
9,3.956506667759044
10,3.238729788312264
11,3.0466220152158745
12,2.682743248168455
13,2.7791426722684354
14,2.5606460081566733
15,2.931743794585533
16,2.9053449568957914
17,2.546115885328832
18,2.3216463580530524
19,2.5875382278962147
20,2.945419589512892
21,3.5079427890381054
22,3.8436217433875792
23,4.649560371455327
24,5.2048809725569605
25,6.00138275820834
26,6.2044857120423895
27,6.523056477673826
28,5.985239813280225
29,5.14146146401591
30,4.650424743308957
31,4.003499737768924
32,3.658962792923698
33,3.3634164879940074
34,2.9517515767150457
35,3.3113478014873565
36,3.2144524328608526
37,4.032283746938844
38,3.8683758155788213
39,3.911593289034325
40,4.751467217263988
41,4.633118566697126
42,3.7489590066937963
43,3.9543204067800555
44,4.097829982677067
45,4.06483580522577
46,2.7268893777315237
47,2.997707752353204
48,4.1469172721441705
49,4.7782566185551305
50,4.948991791159727
51,4.0888904853039865
52,3.2811886538448425
53,2.9336840095228336
54,3.04233166907107
55,3.4283836168258937
56,4.535680796140338
57,5.035003904177291
58,4.503504492339803
59,4.862242087823692
60,5.40070340661557
61,5.5546201442639696
62,5.753989494606668
63,5.384195887880608
64,4.404687903122573
65,3.3819001582684063
66,2.990496908233596
67,2.412728511767877
68,2.0809280640249765
69,1.7973545856577018
70,2.299284453544209
71,2.5588977490559897
72,2.016346104754518
73,2.20656994369701
74,2.3460844101752656
75,2.5059216913951157
76,2.0381519407916837
77,2.3334948432278124
78,3.003827452669877
79,3.5014611264814843
80,3.285715914466705
81,3.819226777896676
82,3.790377878859193
83,4.377535594299531
84,4.591159662424437
85,4.814669158326249
86,5.324117908769552
87,5.278706080513211
88,6.219645668890006
89,7.134931595315207
90,7.402322440179824
91,6.375999559054745
92,6.484000424351013
93,5.729153833951324
94,5.726999414797884
95,5.324987775747019
96,5.115993196966436
97,5.350239818746926
98,4.613200959827464
99,3.9792051851965233
100,3.4806626404765098
101,2.6666204386297254
102,2.657895279595744
103,2.285836956769458
104,2.7353609041654714
105,3.014254336843581
106,3.391418916292964
107,4.3128379772907115
108,5.286500553170253
