Atoms,RMSF
140,12.296210288580202
140,13.442875206086953
140,14.761269397761366
140,14.816443065126032
140,13.83772105324795
140,13.664600244864692
140,14.245693141555874
140,13.613876766671963
140,12.874312213377094
140,12.368215201451505
140,12.70276071263194
