Atoms,RMSF
140,9.55109133108089
140,9.914945467029687
140,10.065126984225932
140,9.47238191645545
140,7.7365678971742895
140,8.462986860091805
140,7.903009184246221
140,7.897947432729276
140,7.861754346292804
140,8.26997236900841
140,10.410065876275308
