Residue,RMSF
1,3.6273923380739332
2,3.1512017506195615
3,2.8022102090279
4,2.41949545896844
5,2.0368403273426865
6,1.8338457180902734
7,1.6179008243992175
8,1.50940865948977
9,1.340360241516363
10,1.2614827759751848
11,1.382842598907424
12,1.4120443548452979
13,1.6637141510771252
14,1.5657974599155897
15,1.6010392034361887
16,1.6115900798140197
17,1.5754208214383
18,1.3890652513812047
19,1.7168750941377589
20,1.770069919172603
21,2.2110076628842616
22,2.45860376640821
23,2.8739096849298567
24,3.2843429289682704
25,3.9141460651640343
26,4.335764699021353
27,5.099461258637993
28,5.083854945876385
29,4.664499759277754
30,4.101505943522604
31,3.7533376446559643
32,3.2482779968091746
33,2.8763060917471805
34,2.339266002054382
35,2.153631493126497
36,1.8611636983720736
37,1.9597312045652449
38,2.344946469907477
39,3.1701096101456923
40,3.394139490932224
41,4.232654024120389
42,3.7831035567893676
43,2.8996179139057037
44,2.82485378780279
45,2.666498983613178
46,2.3246932672930933
47,2.7247329191312466
48,2.6884340768025075
49,3.3066737681307723
50,3.8110637764692896
51,3.120241963400747
52,2.723342466665245
53,1.9151996670128213
54,2.0212180209286466
55,2.3597476006296825
56,2.6945401043584347
57,3.2378851381065994
58,3.4633078677764835
59,3.5737975824139263
60,4.437812707586404
61,4.522864754843551
62,4.586655508370295
63,4.082421556121693
64,3.2868292766733056
65,2.957877759547909
66,2.599534613125109
67,2.1732034990902918
68,1.8533009611602926
69,1.5242735545464094
70,1.6625869961917636
71,1.4775921219582182
72,1.1927183595100332
73,1.2916453977367928
74,1.4725336904034567
75,1.5075343504880105
76,1.1853015570192034
77,1.1754440216948838
78,1.3006480834346281
79,1.3654732003583394
80,1.5245366781339305
81,1.9242526849164017
82,2.342137355098136
83,2.7927856002575795
84,3.271164637058077
85,3.6920823158655147
86,4.239365589771957
87,4.679996558876435
88,5.339911503525514
89,5.5357752118017425
90,5.273364955454801
91,4.539542577281351
92,4.156062679467424
93,3.5294966341343996
94,3.2398769281151107
95,2.732120095472594
96,2.349459844798753
97,2.041831834968786
98,1.7073688779853817
99,1.4185742548478715
100,1.2029636802810548
101,1.0354857563229136
102,1.2174282542467063
103,1.3011724848073345
104,1.7733268560547235
105,2.198767742244118
106,2.470264410313617
107,3.570042921404743
108,4.4596455796521814
