Atoms,RMSF
109,2.575743575822526
109,2.232331999858809
109,2.170276386790649
109,2.6754112805333956
109,2.7884713190491213
109,2.495176663432191
109,3.3700257650132524
109,3.765913178234028
109,4.846065666501261
109,3.356552655320406
