Residue,RMSF
1,1.8090232472414935
2,1.3397334752677947
3,0.9602563835294403
4,1.0433845028326334
5,0.8870572255610183
6,0.9855460584460781
7,1.048342961097047
8,1.0432610407527094
9,1.0513975392665964
10,0.9787934433413993
11,1.028909055920796
12,0.9923448267531656
13,1.0988748735884817
14,0.9725338793237966
15,0.8834164811793525
16,0.8902375136780022
17,0.8232167743257915
18,0.8414712454343646
19,0.842172281556786
20,0.8336475679412345
21,0.8848918101396216
22,0.8520607141364274
23,1.0406490036291454
24,1.1715857239055212
25,1.6859267898069459
26,1.5742112280028404
27,1.961402152886896
28,1.7292225558050334
29,1.6928420974048026
30,1.3814324779674123
31,1.4025058823366099
32,1.1605675921286924
33,0.8850141533800603
34,0.6465978330772156
35,0.596721969463853
36,0.5957343351520404
37,0.7372781786970538
38,0.8702161522497778
39,1.0245057247884848
40,1.211987438657082
41,1.3145592310102248
42,1.0606580727909918
43,0.9992353986304989
44,1.5315835946220009
45,1.7735528954975261
46,1.2749298182419375
47,1.8890719291107974
48,2.43743894646502
49,2.953406656257814
50,3.5602235779652474
51,2.8644253426339836
52,1.5534477657767738
53,0.7768697692712594
54,0.717579955021694
55,0.8426120775736679
56,1.3008639129549535
57,2.0552293665207104
58,1.9574990323096901
59,3.0634953965739156
60,3.7447986581783725
61,3.101762588803216
62,3.0199095160982874
63,1.8277433442939397
64,1.1576798204720653
65,0.990274485435054
66,0.8656862200860479
67,0.7485199492737199
68,0.7811088354170903
69,0.6854540182219072
70,0.7481703182646876
71,0.7710853106581652
72,0.7655504905870223
73,0.7959164976260454
74,0.8826716073067099
75,0.8748099192775082
76,0.7235478963012749
77,0.8054194651352816
78,0.852039239501722
79,0.7781342906687411
80,0.6635775593100985
81,0.6708363891971688
82,0.6675688323085226
83,0.7210158170551175
84,0.9112035842245767
85,1.0727117143055909
86,1.2883472211390683
87,1.7142626401275975
88,2.3453591604550637
89,2.9699392126841455
90,2.821950259597682
91,1.7874663603475585
92,1.4553526402515171
93,1.0235798491360486
94,0.8005845178052592
95,0.7592548040526015
96,0.7882707513322785
97,0.9180869010607902
98,0.8580352838339529
99,0.887331002431578
100,0.8898100821183738
101,0.8226903574583992
102,0.9463489877831693
103,0.9229254211662735
104,1.115712518028161
105,1.3307851366420254
106,1.547929210590073
107,2.383363109800027
108,3.4669603754734832
