Residue,RMSF
32,2.826791490518154
33,2.5197425559887714
34,2.03450591225978
35,1.6987539020083804
36,1.4197972760031368
37,1.2051444793805182
38,1.1823484819096988
39,1.483236124706519
40,1.4840813200667935
41,1.1920181548756648
42,1.3714596940019135
43,1.1933363501184249
44,1.2691755349296145
45,1.1546831636379185
46,1.0997048770476414
47,1.0444597934564028
48,0.8800179745241092
49,0.8450852873148674
50,0.8232171201303529
51,0.9147301922986141
52,1.1297114244621804
53,1.422953379620388
54,1.6498873300966554
55,2.0654910946819043
56,2.4825568274676013
57,2.830782708707668
58,3.30612675491686
59,3.441329789872414
60,3.3007156185443356
61,2.999274287099584
62,2.858773847254661
63,2.433137022365055
64,2.3986916097051245
65,2.004373446757421
66,2.1529994789388156
67,1.9979885635067238
68,2.320139744497428
69,2.325706440518774
70,2.678633848352361
71,3.357338494822923
72,4.25529636674027
73,3.897587701932675
74,3.4259777024775757
75,3.1666593818077997
76,2.679760987289629
77,2.2226328775392687
78,2.5333359143169605
79,2.47922723340763
80,2.9973798256476862
81,3.429791665609627
82,2.9088571905684257
83,2.3902239054704593
84,1.7052701720571792
85,1.7195346033328542
86,1.7907006317348404
87,2.0911042248965037
88,2.8234596530591625
89,2.9942237212326246
90,3.9483890023004893
91,4.737545147569293
92,4.695667811788302
93,3.680043221821731
94,2.585861075514536
95,1.6605632785007425
96,1.6199979439707373
97,1.3661504752602256
98,1.2795828584916191
99,1.0576295281264496
100,0.9873662998044884
101,1.0574695382942612
102,0.9878423179637432
103,0.8770860332167427
104,1.0759528728560008
105,1.375043256643926
106,1.6931922684616338
107,1.3256221187152315
108,1.459060945073948
109,1.7846013583901823
110,1.7962510094018158
111,1.6500041207124632
112,1.8515997010243879
113,1.9157585190959792
114,2.3625779228066164
115,2.5950004555188477
116,3.0859975703737383
117,3.303373020062066
118,3.5746473060980954
119,4.3067224643297815
120,4.587834127134424
121,4.302433484667415
122,3.927324583685643
123,3.5100775408023117
124,3.1904207714767003
125,2.7791203521010894
126,2.436013362487487
127,2.069386656608772
128,2.062228630359068
129,1.9372154046571146
130,1.5499003218369107
131,1.5028816090536818
132,1.2177993378435064
133,1.4074570879228483
134,1.2893430330982611
135,1.6368244447884046
136,1.7582347263071854
137,2.024405747285516
138,3.2875930816987395
139,4.154845415310357
