Atoms,RMSF
140,9.064341352058653
140,9.938048940366912
140,11.158657465432166
140,11.69447916590977
140,11.176550722578835
140,11.866876901352304
140,10.931745873705147
140,8.903026517154327
140,7.849562818890311
140,9.657434608401886
140,7.435637768122181
