Residue,RMSF
1,1.7383754547244228
2,1.2605013277227763
3,0.9551818698974578
4,0.8909857895669228
5,0.9083637728984458
6,0.9024807893502659
7,0.9920867935684855
8,1.2343002272403214
9,1.3047106329661795
10,1.1434792744367517
11,1.2707159459845112
12,1.220301973236005
13,1.316669072010739
14,1.4822710055681214
15,1.4803293025857989
16,1.2729807842682506
17,1.1953843166165514
18,1.1199638713248168
19,0.9849577360230571
20,0.9145431283707953
21,0.8386408569575389
22,0.8685148770065168
23,0.899206767901276
24,1.0592083229980689
25,1.5654671013750225
26,2.0629225039257437
27,2.8133764340655545
28,2.274201170886077
29,2.460920628646935
30,2.0348144766794976
31,1.8982007743014253
32,1.46216466018498
33,1.5537906534933188
34,1.4529899164742157
35,1.6929759597815055
36,1.8121782790433598
37,1.978117848297164
38,2.161349184184328
39,2.426876311112989
40,2.728816814798818
41,2.8803818769349845
42,2.550158790868945
43,2.4414297914465455
44,2.592530019968876
45,2.4610334493642574
46,2.1057323150389635
47,2.5564555984061057
48,3.168924955388009
49,3.619666994029159
50,3.5720925246756425
51,2.8931015035217147
52,2.4564609788073426
53,1.9223033109150918
54,1.6973570859194465
55,1.6257419461968718
56,1.582543429312222
57,1.7319733114864553
58,2.60156225382577
59,3.158084840391648
60,2.686748232511235
61,2.4994215562602573
62,2.314639395138172
63,2.0292460169715802
64,1.150698465013146
65,1.0431483263166543
66,1.0582713564030355
67,1.1109093656749767
68,1.235592925598046
69,1.4231984185968658
70,1.5342836789725378
71,1.5196655185190584
72,1.4998217779717706
73,1.7707627454819876
74,1.9434963685904554
75,2.150983000944675
76,1.8385840769466693
77,1.77110936128199
78,1.8476331790262746
79,1.6765355011343357
80,1.4767853621273281
81,1.3606656881614025
82,1.2110849218209552
83,1.4137706527010514
84,1.4391482434756595
85,2.053892104312294
86,2.3290430141099625
87,2.711245292763459
88,3.3048058172110335
89,3.5658698278369827
90,3.2851297110848097
91,2.865298479783931
92,2.303353941925981
93,1.9666934714617796
94,1.423622237043778
95,1.433059016364157
96,1.2364704611624735
97,1.4261466664559237
98,1.4720395216041866
99,1.336038166319158
100,1.4624437859798203
101,1.3788110217618725
102,1.5302832360978247
103,1.548210357982792
104,1.6332837560980025
105,1.7617768237434763
106,1.7298896895405087
107,2.5334635930358447
108,3.5507472917728746
