Atoms,RMSF
140,20.669606211536962
140,20.908569720041736
140,20.457162996089345
140,20.053166306006585
140,20.061556250105895
140,20.094753828531477
140,20.026061385613644
140,20.114893137936516
140,20.19183926449429
140,20.285684052890964
140,20.664150706386348
