Atoms,RMSF
109,25.608156867561398
109,26.55125110536556
109,26.349062405773633
109,26.14136079290569
109,25.386688858639317
109,25.804384693844423
109,25.62398152905833
109,25.532734904242346
109,25.327317546377465
109,25.035365447380038
109,25.339927134671253
