Residue,RMSF
32,1.9237138919002734
33,1.4162357853065772
34,0.8651248727004845
35,0.8451440509169599
36,0.7321180643677084
37,1.015427130870118
38,1.2611305526733403
39,1.173182005912787
40,1.3227760512220104
41,1.4483414781989958
42,1.7197097906144128
43,1.859213798455835
44,2.0986267977762036
45,2.1578461765718515
46,2.268199003417341
47,2.1014757164804845
48,1.827501492113252
49,1.539826981115836
50,1.3665905604633863
51,1.0881757940703087
52,0.937275492578638
53,0.6376718537032118
54,0.653211035899654
55,0.9791169659795428
56,1.808892363078626
57,1.8107350367588642
58,2.2412232355281225
59,2.113315335561673
60,1.90354489302844
61,1.543526511843633
62,1.5877975213157374
63,1.187557881051314
64,0.9603374385397951
65,0.7861231412257715
66,0.8964964329939613
67,0.9737445207788143
68,0.9143578071348244
69,1.0942564795134124
70,1.3228786978239375
71,1.4615269281739856
72,2.0420088553613422
73,2.0588684013369454
74,2.095447868700783
75,2.226444268824171
76,1.8005204381560593
77,1.5919043791597034
78,2.501412080096159
79,2.8754180798689455
80,3.7801344250832707
81,4.185464756423887
82,3.1162619198798924
83,2.4404149640522155
84,1.7897682253760676
85,1.472568040619175
86,1.5902845024362464
87,1.40067466944993
88,1.3704451841340268
89,1.399798246937944
90,1.6837247857903292
91,2.0944629606703646
92,2.318800343791708
93,1.8931242160109132
94,1.3113700819211132
95,1.0168088879755228
96,0.9434819978610999
97,1.084124124452769
98,1.1375786421615606
99,1.3315724613948035
100,1.5244448518310028
101,1.7908457282693344
102,1.9758771849591847
103,1.796848586205108
104,1.869594448575342
105,1.851760636350623
106,1.6857586755440601
107,1.483000037894703
108,1.3649753369873265
109,1.1353192860667227
110,0.8626565434863332
111,0.7581429789043028
112,0.6813032106102077
113,0.6405247926656784
114,0.8029696794993587
115,1.0597772780114127
116,1.2532676234819944
117,1.5782061563635585
118,1.9836187877845763
119,2.3971311024019104
120,2.900427695039617
121,2.8529367495605396
122,2.169324072513008
123,1.9873957771253503
124,1.401547429986128
125,1.0915840683261704
126,0.8491028573662583
127,0.7105002562010401
128,0.8266408719605305
129,0.7864853189105221
130,0.8927458488939937
131,1.052669910916157
132,1.2414070793575602
133,1.516722847755996
134,1.7584242429326682
135,2.0397561159986677
136,2.31038328363505
137,2.5083010963912815
138,3.3042646449543547
139,4.203424492795504
