Atoms,RMSF
109,8.780050803229019
109,9.247804417996653
109,7.934725882486169
109,5.551748470755813
109,4.076612169705327
109,3.5827797123881138
109,4.514447697377624
109,4.576312510103259
109,5.6945826189892905
109,7.3937201215673385
109,7.30497598746642
