Atoms,RMSF
109,7.341213031419637
109,5.487669329522608
109,3.777320886620805
109,3.977656140650439
109,5.207135562739296
109,6.067563400462349
109,8.566944911482961
109,9.5443044629254
109,8.81895085466391
109,10.042790851704064
109,7.465549728408383
