Atoms,RMSF
140,5.244064537336933
140,4.797521560250688
140,5.113248653855061
140,3.92968181631049
140,2.2187558131996834
140,1.474085184769883
140,2.128747427917933
140,3.1431284877125356
140,3.5862466303306895
140,4.986795397248005
140,5.592755071169472
