Atoms,RMSF
109,4.805011501129918
109,3.6125834986049936
109,2.624125071373177
109,3.02149712705438
109,3.8814587786065475
109,5.091247778127251
109,5.480071332445402
109,5.899546784999083
109,5.768267849733945
109,5.129276802246563
