Residue,RMSF
1,3.845214454347321
2,3.030609796781961
3,2.775934096145405
4,3.261057917853472
5,3.0018650887460527
6,3.618396677300074
7,3.889913351451471
8,3.535406521711077
9,3.5307943411950693
10,3.561441365411288
11,3.705243523286767
12,3.9113434175139323
13,4.220971798618015
14,4.042578132149985
15,4.740073577462542
16,4.890836008123998
17,4.752725559451081
18,4.062335472955772
19,4.18442307735799
20,3.620313238286948
21,3.9287256448529018
22,3.328690487345232
23,3.7790709330739913
24,3.5046561011215873
25,4.170213833582521
26,3.8340840785398496
27,4.6154626662450635
28,4.214116852510494
29,4.281288575151587
30,3.627546283351471
31,3.6366060509532323
32,3.117854741173286
33,2.8789545194387833
34,2.4817406625011755
35,2.1402750134948376
36,2.0621115111118504
37,2.566687862133327
38,3.749853878923987
39,4.452082593407437
40,4.185142528668535
41,4.032680954685803
42,3.859389475825983
43,3.0832132244998527
44,3.188361005015762
45,3.319820510703198
46,3.491237831666161
47,4.998947923528521
48,5.338126579105015
49,6.04192392608309
50,6.577859690517746
51,5.7478576189330095
52,5.374793619752864
53,4.850476058744758
54,4.078806847050943
55,4.530830181644878
56,4.215284751157114
57,4.807086336934894
58,5.100953456890243
59,5.882736418643605
60,6.465343462284931
61,6.110579782165125
62,5.779788002896296
63,5.249541636643835
64,4.795692156987918
65,4.343023165794975
66,4.484743443636522
67,3.7524467061199442
68,4.104276641465107
69,3.893213582677003
70,4.765358983432945
71,4.710449884229083
72,3.75843557833012
73,3.4725199851621174
74,2.9228028859943476
75,2.830449035812986
76,2.688819364752198
77,2.3204874707463765
78,2.108058028441961
79,2.0356551823603226
80,1.7971239998012123
81,1.8070240728903855
82,2.033343546029758
83,2.0903877274091993
84,2.4882696530449877
85,2.8709082417290066
86,3.2591905379326405
87,4.208046190264993
88,4.432521453061114
89,4.538311310379375
90,4.179933551516165
91,3.717555452095516
92,3.2962277568141203
93,2.6490828103063926
94,2.370149353520319
95,2.170326485399082
96,2.304315701874423
97,2.7666948616783977
98,2.462071738346458
99,2.5496518378093485
100,2.518206941467562
101,2.52453477767166
102,2.7719915858125272
103,3.0130355109294005
104,3.4834473100995718
105,3.943864126492434
106,4.755052343190833
107,5.843730826896772
108,6.595797333912394
