Residue,RMSF
1,1.599674707971449
2,1.1745707497219342
3,0.9607969406612065
4,1.073360545584498
5,0.978114752828823
6,1.1711099533782203
7,1.202379263698118
8,1.1379468685267045
9,1.0894389475866963
10,1.0225263954718131
11,1.045500926906913
12,1.03466216559515
13,1.0494222763762173
14,1.085014998357878
15,1.2005457791691234
16,1.1060227917600065
17,1.0841416801190125
18,1.0392735284790326
19,1.1302449124269154
20,1.095843596953078
21,1.238251362754289
22,1.078112357292048
23,1.2241760563458874
24,1.1779488466823786
25,1.5656679911907945
26,1.5011507815993388
27,1.911865763647499
28,1.7315258726789104
29,1.5256810305227313
30,1.2728329416847366
31,1.1914904783051885
32,1.0349737820154923
33,0.901511870417414
34,0.7379843177968068
35,0.6302957284896072
36,0.6282089334465967
37,0.9117443771082863
38,1.5739409807756517
39,1.8396481113172019
40,2.3881199867590266
41,3.177706292123583
42,2.365383959592528
43,2.0015036760975193
44,1.616769629935076
45,1.000393240037879
46,0.8870968993574989
47,2.001781111139521
48,3.1109601621597647
49,3.6443777480347834
50,4.164730993505076
51,3.701190834362485
52,1.6543413051605436
53,1.085190769021763
54,1.101967179748269
55,1.2239387416976026
56,1.4032172025963943
57,2.3783273587618385
58,1.5511874115008155
59,1.5342634940208786
60,1.7783465837506607
61,1.7842293491780197
62,1.9676110594217606
63,1.4906980689895306
64,1.4472585730031098
65,1.3806053678074364
66,1.6469650441569272
67,1.0740975598752325
68,1.0343861164816524
69,0.934089369625903
70,1.0366876019140325
71,1.0581079777857811
72,0.924472877155496
73,0.9239022541307006
74,0.9681852226308637
75,0.9439568371766309
76,0.7654395502587898
77,0.7918527103645248
78,0.8481827752691812
79,0.7029269014167572
80,0.6136761447880594
81,0.64939990048413
82,0.6972021776075396
83,0.784479085270758
84,0.9228297636353063
85,1.0561079045740287
86,1.3196182860154002
87,1.5461649846247487
88,1.9859354315192628
89,2.3832755250980764
90,2.408148120351273
91,1.759249882217425
92,1.674326852106024
93,1.1069837659919943
94,0.9305060996507816
95,0.7948745203769363
96,0.7723029770040533
97,0.857096798512995
98,0.800899534182364
99,0.9109520522766676
100,0.8688925949359946
101,0.8169584760727313
102,0.9259242726154544
103,0.9951306862051111
104,1.1117802982267948
105,1.3082808820492864
106,1.5044243881633717
107,2.460629526257154
108,3.213998778271122
