Residue,RMSF
32,3.7810730282336893
33,3.1096398887048435
34,2.5671835323341123
35,3.1959573731589894
36,3.0286677496068775
37,3.700711912418482
38,4.245740328024838
39,4.831053207148661
40,5.281069149338743
41,4.731801986131608
42,5.327822047375539
43,4.799861290967122
44,5.175115037760017
45,4.96427394233787
46,4.164619804828791
47,3.744625453855622
48,3.0174631373967538
49,3.07041363223271
50,2.6119471877530325
51,2.6205068996731735
52,2.5695391193792307
53,2.191368559166148
54,2.754117628194892
55,2.7184097836734744
56,3.562635220068706
57,3.925068868237215
58,4.6542694071647635
59,4.263439509712097
60,3.8961218367274584
61,2.903095009828968
62,2.6570286355549575
63,1.917230038595751
64,1.9994086459822191
65,2.031896367326258
66,3.055369148464144
67,3.94172649475618
68,4.890006939480851
69,6.003046585468223
70,6.6851774892978835
71,6.563820914560418
72,6.765774048786657
73,5.730771174678365
74,5.213130708663682
75,4.448218241209857
76,3.3331266400927397
77,2.9926062826274378
78,3.227772084379824
79,3.666042961859184
80,4.694406357402163
81,5.306838285882648
82,4.380242657157236
83,3.6458034610441334
84,3.0938601972639836
85,2.5721247093822517
86,2.0931850894877075
87,1.9612791839014125
88,2.4912940797957317
89,3.6290458732032373
90,4.605348654524601
91,4.890475961386543
92,5.202480924230974
93,5.289948532477777
94,4.407736463981404
95,3.1952187709173803
96,2.283066668378266
97,2.103186362648097
98,1.6311878178051098
99,1.9576605778526037
100,2.5386551239056945
101,2.676693673740426
102,3.3227142248376875
103,3.8253688699024884
104,4.812994509070569
105,5.767602431344879
106,5.811322932275996
107,4.710727857346781
108,5.266395782697195
109,5.349383464615154
110,4.800975369553747
111,3.63574387601658
112,3.0379411110149235
113,2.0601072446324222
114,2.0341890145065427
115,1.8811841908725968
116,2.3821057878857363
117,2.8441584082399802
118,3.7795592476189235
119,4.3172084530096475
120,4.442078406746848
121,4.09261983194031
122,3.4995887330162585
123,3.3399835411024466
124,2.7645877173861724
125,2.5102209815311567
126,2.7856862047092728
127,3.039028740295165
128,4.067637428942607
129,4.249854947672005
130,4.307025073933821
131,4.9110660729765945
132,4.639312891512722
133,5.555689416020527
134,5.412706116170948
135,6.229732786346937
136,6.6112450764586
137,6.276586064289287
138,6.951484470954463
139,7.5116400509900805
