Residue,RMSF
32,1.529677430846116
33,1.1719891855306992
34,0.8311818787275029
35,0.7465905665691012
36,0.6262346782921536
37,0.5673846307352503
38,0.5410716064382135
39,0.638914805031697
40,0.572729451593474
41,0.4993271701142471
42,0.6093575973223281
43,0.6275985800947415
44,0.7374026584928486
45,0.6913328420680592
46,0.7727621262096998
47,0.7731748442822065
48,0.7152948889301435
49,0.5913272935479299
50,0.5941961190025333
51,0.5581611516642364
52,0.5625131392713926
53,0.606532523542571
54,0.7206279451692398
55,0.8196661582247097
56,1.1603129455101748
57,1.170530336785304
58,1.5313792730712954
59,1.3588739215840453
60,1.2810574348139738
61,1.0584408963116911
62,1.0365300440332097
63,0.8685525783362488
64,0.9579459030691808
65,0.7722542332707646
66,0.798221770274429
67,0.7495091591418359
68,0.819029245698312
69,0.8457804632835485
70,0.9904449410124339
71,1.2094249598213334
72,1.377338595666492
73,1.1817891355114767
74,1.126823633628794
75,1.2277615841719305
76,1.1083501332419614
77,1.0741516909078141
78,1.689430293282884
79,2.1229481805181787
80,2.072594232354468
81,2.053452798285111
82,1.75311127733428
83,1.3730281559503632
84,0.9422920513559103
85,0.970308176039808
86,1.0503428367364993
87,1.2313673767353621
88,1.9491065980918416
89,2.623313374697081
90,3.1564266884908103
91,3.2544310851120106
92,3.132234647730257
93,2.788882911955654
94,1.919036587052173
95,0.8661844991440896
96,0.6920770899724251
97,0.6981672983403773
98,0.6388131166261702
99,0.6583727958899348
100,0.6769675994538819
101,0.7752604520645199
102,0.7112133443189106
103,0.5905044002928607
104,0.6090898513791027
105,0.6551642077477915
106,0.7286500197034057
107,0.5799583682006914
108,0.5528149064525067
109,0.6386581896793772
110,0.6157105576373181
111,0.6213269310553399
112,0.6961664057388429
113,0.7172310902198752
114,0.8646294958427827
115,0.920702112201536
116,1.1016992502211045
117,1.2894385907991075
118,1.6351532129333064
119,2.108616160240573
120,2.3051211457283176
121,2.243132470542651
122,1.4791976640500868
123,1.619551360461312
124,1.1734430046244775
125,1.0013005384998197
126,0.9211988494488831
127,0.7580305186161707
128,0.7973925420631947
129,0.7332910672106742
130,0.680600137178837
131,0.5788575156223243
132,0.45672503988721747
133,0.5273386300265057
134,0.5639708722322584
135,0.7911932552376058
136,1.0291163889217272
137,1.5264377878499575
138,2.6848177183553683
139,4.311936269220498
