Residue,RMSF
32,2.7734806386364768
33,2.123741513910979
34,1.725152569579644
35,1.5594373912205532
36,1.207348223539465
37,1.194799051642397
38,1.0735402699226744
39,0.960391009066529
40,0.7631841909762581
41,0.7435974638248455
42,0.8343419199929618
43,1.0960125866977326
44,1.3564097586202135
45,1.6750230285717642
46,2.005782598782302
47,1.791176943801921
48,1.742842051235597
49,1.3602289371385183
50,1.406533956960177
51,1.218643413187162
52,1.5008722658266291
53,1.5337608921799857
54,1.880689482705554
55,2.2989982841802603
56,3.0347376051671264
57,2.969938948326754
58,3.194112865298239
59,2.909959171452239
60,2.8093879549788983
61,2.325945891741789
62,2.291694964350461
63,1.9320673633295058
64,1.4927156537229875
65,1.0935202140013005
66,0.8213536906582778
67,0.756741366397665
68,0.9523118627951552
69,1.7537904829089341
70,1.9807344745516022
71,3.1731745462713103
72,3.623463220815735
73,3.4949372155341627
74,3.1737028715310203
75,2.8388128841726044
76,1.8978312938655701
77,1.5491195314261195
78,2.036474513693189
79,2.1617132899824485
80,2.7699703599344994
81,3.149869227132941
82,2.422021724372732
83,2.8989420658319403
84,2.0762856935303984
85,1.6864467265596992
86,1.9580590106283355
87,2.0772058006528358
88,2.098561474769909
89,2.2748374241145553
90,2.8327425699505477
91,3.6701563645819486
92,3.4493365619703407
93,3.293591654367298
94,2.685074452326074
95,2.1854569385489144
96,1.8210011508827162
97,1.8226904725871902
98,1.4876913561494831
99,1.5737143572975187
100,1.5240378833602906
101,1.974932335228161
102,1.9865844324110808
103,1.5957966973185276
104,1.6885591829722941
105,1.5902420497920597
106,1.6694411886571985
107,1.3348607435150428
108,1.073151132589378
109,0.9626939181254641
110,0.6456986456389995
111,0.5171518839838695
112,0.7828507362823587
113,1.109126067564986
114,1.1344424255858379
115,1.5934924154030414
116,1.5337318112937224
117,1.760879177716561
118,2.0984753287760745
119,2.280593477947522
120,2.5056274785532295
121,2.424029838228303
122,1.7257889329494616
123,1.7072592695515325
124,1.383998330674477
125,1.4090090551635042
126,1.2215413053812154
127,1.2099146843010846
128,1.1397888076046276
129,0.8235044680544852
130,0.6829800879460276
131,0.5856866337921602
132,0.6403572020772834
133,0.8676890464434723
134,1.1614921269210783
135,1.3436826573909282
136,1.668339582916964
137,1.9273868944492953
138,2.569490271439434
139,3.3467992716455703
