Residue,RMSF
1,2.9375788234377413
2,2.3236251443048177
3,1.867965309110451
4,1.9946508006504142
5,1.9172543185932749
6,2.1865016228142857
7,2.531431094226918
8,2.815491202783649
9,3.2594213779395727
10,3.2866950629376728
11,3.9095412519516075
12,4.07655706286404
13,4.727023986579299
14,5.003358097420672
15,4.8898238728981065
16,4.307634482715874
17,3.652747752677889
18,3.2081846300136165
19,2.644782253444482
20,2.1942456106556074
21,1.8447109344331125
22,1.6199255596321485
23,1.8172046927803953
24,1.955142235652515
25,2.611830365576591
26,2.7995044218071223
27,3.562717172277842
28,3.2168906693990107
29,2.78138171348463
30,2.15946089816131
31,1.9811472429634875
32,1.5612439416262527
33,1.7177262803099138
34,1.9541359526552375
35,2.4106011173940467
36,3.0309849962747064
37,3.3244109538934845
38,3.9929569785003793
39,4.575278076347609
40,4.659162856242053
41,4.918923685639102
42,4.391538014618799
43,3.771267962375017
44,3.648015459340338
45,3.118578320206552
46,2.950506028461382
47,3.4442562838449953
48,3.9800473106687493
49,4.717884737259117
50,5.326663491995345
51,4.757480884196246
52,4.272421360951982
53,3.8833699711802883
54,3.2349838245894107
55,2.849594085696047
56,2.358473366210764
57,2.5087822447354657
58,2.4260087917257263
59,2.8238352915653637
60,3.6198818655153437
61,3.70303736615986
62,3.2687796616562874
63,2.9131307254872763
64,2.1086619967864633
65,1.7920808803736576
66,1.982552639738266
67,2.066015425956796
68,2.672305925306366
69,3.2508408332158827
70,3.770294495137931
71,4.356355679741394
72,4.301468049839148
73,4.942601946221556
74,5.240495802536429
75,5.068756695680412
76,4.271779042615909
77,4.235377205682936
78,3.9354544351179768
79,3.356697356502996
80,2.7092469276844504
81,2.200214455697076
82,1.7205269683886972
83,1.6205853075874883
84,1.6129650709327958
85,1.8945767720586437
86,2.3410251826922917
87,2.756164001959103
88,3.5782310970371736
89,4.0361958998789245
90,3.852671102369091
91,2.987822963393181
92,2.669713775486089
93,2.145838806621937
94,2.013179432928782
95,1.9942801587735581
96,2.028413123199298
97,2.461151925524174
98,2.6744276098943827
99,2.75009148620284
100,3.2902267191936185
101,3.501135184408256
102,4.173836329959478
103,4.536746109022025
104,5.117188233781607
105,5.799182201816508
106,5.940425093931265
107,6.429653947091145
108,7.242651263932572
