Atoms,RMSF
109,7.685937591775757
109,8.715613499707047
109,7.600282177612825
109,6.524219762703674
109,5.661968329166709
109,5.5647136161083095
109,6.164665782657273
109,6.41948003384787
109,7.118558589552393
109,7.041655688282818
