Atoms,RMSF
140,8.051495658792266
140,8.211205526229541
140,7.087069138081869
140,5.996517577956709
140,5.563683901065038
140,6.016563603365494
140,7.768560237698457
140,8.98046404384876
140,9.842802207179524
140,8.373316391600941
140,11.710168886484752
