Residue,RMSF
32,1.43287746939761
33,0.9520091621494141
34,0.6516281677234063
35,0.7251448539541085
36,0.6977814657799465
37,1.0342918725391326
38,0.9896243944410841
39,0.9724689863928315
40,0.91594747292593
41,0.8178207822903244
42,0.843948866152167
43,0.8298403201303065
44,0.8488487104847279
45,0.7510915175806339
46,0.7313659662144154
47,0.7963760455973842
48,0.8490370042989771
49,0.9240007984724689
50,0.9116544664670646
51,0.9525516261337105
52,1.0011914260065669
53,0.7582395164601766
54,1.0190957424218319
55,0.9239793651847324
56,1.3312776555139554
57,1.3217074351658717
58,1.6450344758381898
59,1.5594404818130505
60,1.4393625583940026
61,1.0897539717155444
62,1.096298497364892
63,0.877811978713264
64,0.8041239166012226
65,0.6458327883432937
66,0.6063877204992982
67,0.6209341493119784
68,0.6141333060680014
69,0.6982694023412427
70,0.9670600375233601
71,1.2669885330299187
72,1.7450829608470486
73,1.4873118571142316
74,1.1303654881943461
75,1.5437436935693507
76,2.8967742403272214
77,1.3922180836324418
78,2.0095605002998553
79,3.273128687198486
80,3.5915691189175845
81,4.190880560374339
82,2.800677665796654
83,1.5261659121556983
84,0.803940733581126
85,0.7217289496550039
86,0.9188900456527735
87,1.008827336103158
88,1.8883944336850638
89,2.8231660042567985
90,3.4683836071760643
91,3.5226251800703197
92,3.211996673980128
93,2.536419177681506
94,2.329806026733868
95,1.697023781554568
96,1.2312141006709976
97,1.1286027972386155
98,0.890389939634806
99,0.7634150038119979
100,0.6976752729147625
101,0.7795463502755324
102,0.6686599324848809
103,0.6322522196770667
104,0.6425024599295928
105,0.7366259347642746
106,0.7398964682705551
107,0.5826961737018009
108,0.6841368870558486
109,0.6974693919260316
110,0.6032297409948711
111,0.574466856367052
112,0.5844112076506721
113,0.5952409065856324
114,0.6626082354315362
115,0.7433556118003418
116,0.8581577694064372
117,1.0701692667499558
118,1.45464377160209
119,1.7033949588596902
120,2.2516458384066436
121,2.34636380301048
122,1.6413740478610948
123,1.17918612933771
124,0.8548532729114576
125,0.6800196435236481
126,0.6230086174145741
127,0.590261594030309
128,0.678709246154927
129,0.665853135935052
130,0.6797419485158713
131,0.7199181242424267
132,0.6707911723623464
133,0.7478642678402657
134,0.7693065224704507
135,0.9542483612937395
136,1.1494664809169586
137,1.4208501356968397
138,2.4606438685854854
139,3.489015844281912
