Residue,RMSF
1,1.8803558896395576
2,1.17437948802869
3,0.820168990940411
4,0.8336659199625949
5,0.6383219239811584
6,0.6457743313926556
7,0.6212786070392973
8,0.6315935321930133
9,0.5493937052412153
10,0.5109460287736313
11,0.5290736328082856
12,0.6151460719373836
13,0.7389505564396969
14,0.7757232324347398
15,0.8556624851753329
16,0.8083927319745096
17,0.7523691752994526
18,0.6132374679152718
19,0.6446863038798899
20,0.5895219621124501
21,0.6848519845392322
22,0.7079603189537386
23,0.9292161172594552
24,1.112987438455196
25,1.9490747224588232
26,1.8055992446955118
27,2.3982378431424456
28,2.1404193165827636
29,1.4582334568384023
30,1.1520879998646119
31,1.0207089263211269
32,0.8763499905817661
33,0.7620309236194518
34,0.5822290295178117
35,0.5105763418762673
36,0.5462532996348749
37,0.8508035791819538
38,1.0556907929991302
39,1.5830904470396543
40,1.7630120261629783
41,2.9011410214275686
42,2.2513118762633186
43,2.880929263867976
44,2.377245209071945
45,1.3244946117894145
46,0.9532946916887552
47,1.3114679175358916
48,2.706587900083567
49,2.5649422169091265
50,2.6377190589629538
51,1.8917875239616069
52,1.6591916328352623
53,1.1961542581894389
54,1.0443975593139494
55,1.0491666147239416
56,0.9000704759935623
57,1.1077082021356168
58,1.1147019963270846
59,1.2102310014421085
60,1.9102879662402874
61,2.2082474364123166
62,2.7708061143482228
63,1.6129123716977407
64,1.0151917336792777
65,0.8615808917302941
66,0.7932114139536609
67,0.6703224384863196
68,0.6819497498578437
69,0.7379249952722384
70,0.9320686739845857
71,0.8892339425513441
72,0.7550444701918075
73,0.8238286628932581
74,0.8312053875233723
75,0.970610390631178
76,0.7307486317885553
77,0.6281595453689273
78,0.6547500052825699
79,0.49245983544125205
80,0.43486711873528505
81,0.48716321676136365
82,0.5353196140235801
83,0.6392259425409508
84,0.7880597047972578
85,0.8999757523598706
86,1.1269079886321614
87,1.4111562218670723
88,1.7380804192659352
89,1.988667958646402
90,1.9047269059357137
91,1.3268198055770684
92,1.2325708290349828
93,0.8866914719589003
94,0.8357553497049763
95,0.678500191526015
96,0.6415657273174449
97,0.6844753532869495
98,0.6518487138708271
99,0.5426127276528823
100,0.49349507017481936
101,0.4252860840742421
102,0.5048999184435049
103,0.5770265017964883
104,0.783646136701224
105,1.062876000987879
106,1.3799769009605922
107,2.2173685592707826
108,3.3540652415641414
