Residue,RMSF
32,1.8005504104009016
33,1.3354358386512977
34,1.2194304445170865
35,1.4509081501926822
36,1.4373515383174347
37,1.7308847635259637
38,1.9520256507162321
39,1.835528981217284
40,1.9967626533684117
41,2.0360757652877917
42,2.191669160171502
43,2.202164416941013
44,2.376708071591777
45,2.19913715902966
46,2.205376063142077
47,2.2372817222479093
48,2.1329450005135704
49,1.9825713291429339
50,1.9378320647854719
51,1.7271652147986978
52,1.7800056445437895
53,1.507419254878727
54,1.6550034346336073
55,1.5931348582946026
56,1.9249605796383726
57,1.8877225358255314
58,2.2863344130314722
59,2.147579376269864
60,2.197466923014305
61,1.8121689573394528
62,1.7394194905026186
63,1.406834157478288
64,1.053529696098246
65,0.9382415002543635
66,0.7402683098207279
67,0.9094557218615699
68,1.1309756358376561
69,2.0549528502562566
70,2.7429791173206097
71,2.759006848314203
72,3.5506859670393127
73,3.48629966725873
74,2.8864946674301364
75,1.6196919536449041
76,1.030337180329828
77,1.0400650359419266
78,1.4062507834829616
79,1.607637963007422
80,2.0407923063509146
81,2.5908763510653787
82,2.7150797160103717
83,3.034147317100794
84,3.3568921881509137
85,3.8298694860871776
86,4.606183024671643
87,5.793077664947582
88,6.015127945503817
89,4.566488477325718
90,3.4420844247374025
91,3.388028177642385
92,3.5742058939739367
93,3.904252619121267
94,2.339904231027444
95,1.9703770186398013
96,1.8131141762435234
97,1.8722372132925957
98,1.6518915574702642
99,1.7558599399493198
100,1.6360685822252679
101,1.8797033284251836
102,1.9494347688392222
103,1.7548645898601365
104,1.7202131133466974
105,1.8000520371776048
106,1.5749593796285821
107,1.4577471821185632
108,1.760112731576019
109,1.5806298192557837
110,1.3069201071815173
111,1.0637255753986659
112,0.9459890051910881
113,0.9089552381700091
114,0.8572820667653144
115,1.0816221423265144
116,1.3048659220057248
117,1.6870848600155748
118,2.4684264284908997
119,2.925318428858276
120,3.1930363039599463
121,2.880341823068286
122,2.0572435695425053
123,1.580638386162616
124,1.1019813045333702
125,0.8812957117339772
126,0.828205594796198
127,0.9779344948440102
128,1.2022923494163935
129,1.2258161960586524
130,1.5051438464263667
131,1.6553168121159063
132,1.6912583581243672
133,1.9269408630923497
134,2.0067144721892993
135,2.317848514025847
136,2.1173041226619684
137,2.446814965808686
138,3.3750488326764567
139,4.537182198891659
