Residue,RMSF
1,1.6927211724008053
2,1.2062689264170237
3,0.8079522482951018
4,0.7469526308220246
5,0.570793626924724
6,0.5939292635709642
7,0.6203316022622887
8,0.629422084430131
9,0.6925728482030876
10,0.7587381376715439
11,0.9648614818890817
12,1.0819662404395174
13,1.3208316414643595
14,1.428440518437486
15,1.5336030804860477
16,1.3727272177050787
17,1.2001130621745617
18,0.9810315660374558
19,0.8255154626332775
20,0.6757879481527538
21,0.677146905404958
22,0.6701127039626785
23,0.83723345600329
24,0.9888999240561656
25,1.4554523766470313
26,1.4575872598632162
27,1.9272333952128025
28,1.8096789844117311
29,1.723715071775898
30,1.4334633324515025
31,1.4979680332734575
32,1.1483482411725292
33,0.9533434585171296
34,0.7471369095965451
35,0.6720286005686206
36,0.6626683214363847
37,0.6348333326012088
38,0.7360381368732334
39,0.9284397053647312
40,1.0708605627503525
41,1.2732177154144908
42,1.1346603544477574
43,1.020750680969647
44,1.5770345999029185
45,2.020553435473849
46,1.4354652608499605
47,1.7046967188260715
48,2.0852171273654045
49,2.6252269850254453
50,2.9102686732849654
51,2.073064292868446
52,2.0303907719383725
53,1.4961435300445745
54,1.2543345711043603
55,1.1982075283586833
56,1.2353838990899282
57,1.3274197407667105
58,1.7755802964846796
59,2.148016480349955
60,2.6235584879560196
61,2.9918767287331507
62,2.278343490327621
63,1.899497097172808
64,1.074494489048469
65,0.9514876169011854
66,0.9177580133999679
67,0.8849947330977419
68,0.9810173141142468
69,1.112466042892098
70,1.3638057626631495
71,1.4543741295616535
72,1.2953848204613942
73,1.3452426898205123
74,1.3032539597065262
75,1.2613437672251888
76,1.0320122233232183
77,0.8973961941849143
78,0.7493015128012624
79,0.5853955954205907
80,0.531163245880159
81,0.5315900586329161
82,0.6096201172383995
83,0.7550732452351666
84,0.9687526063405479
85,1.2436588009047922
86,1.5037246380442664
87,1.8377867565238297
88,2.2480584090264926
89,2.6344507384129843
90,2.6242157995976134
91,1.9099767436464565
92,1.7589208717673361
93,1.2230248508613575
94,0.9171352665679421
95,0.7306415710036779
96,0.6568699910277652
97,0.7468764744265919
98,0.6400334888229183
99,0.5677050554944948
100,0.6071447824086207
101,0.7164715675742771
102,0.9219729774732246
103,1.1121385575622353
104,1.3662551644788807
105,1.6469227404847142
106,1.9327622590371936
107,2.744550013640924
108,3.8953270472480455
