Atoms,RMSF
109,13.325861952717647
109,13.27055110312848
109,13.0343941940104
109,13.248777423590328
109,12.933266522579155
109,13.648519081984821
109,13.171061002966196
109,12.732607326884938
109,13.018052434002094
109,13.255516131616192
