Atoms,RMSF
140,5.6236741371623085
140,3.756753936446845
140,3.5535318144716497
140,3.5870379429388723
140,3.5161093810290245
140,2.9402674886383164
140,4.3583671185914445
140,5.808566139873017
140,7.270709779661745
140,6.002684297793183
140,9.817669167423306
