Atoms,RMSF
109,23.955491544358782
109,24.135045589352632
109,23.997693333949815
109,23.507665519282885
109,23.243478683829164
109,23.329811836738816
109,23.86752265178227
109,24.43754555370064
109,24.716161185994444
109,24.411150584211697
109,23.85316487287679
