Residue,RMSF
1,1.6654203448527085
2,1.1610596689355475
3,0.7357968988079163
4,0.7206327243587243
5,0.5856046097903124
6,0.5910742424189087
7,0.5766272114968046
8,0.6056148657395357
9,0.5672084869004937
10,0.558743933941663
11,0.6525368804748197
12,0.6815210715493372
13,0.7569590871082083
14,0.7443547035509186
15,0.7669544431870956
16,0.7089754838350507
17,0.6569501798128005
18,0.6417222504382757
19,0.5603648406121904
20,0.5097858929825588
21,0.5637044479062532
22,0.5868452053471738
23,0.740192177486888
24,0.8645604889484886
25,1.341158752636638
26,1.3101761604333262
27,1.7201731090809467
28,1.5731569117608748
29,1.389834835719714
30,1.0103071524225804
31,1.0859358754151258
32,0.8880185134768616
33,0.7811339657038268
34,0.6151271464067072
35,0.6161810041381843
36,0.6053196091953699
37,0.8566759416679469
38,1.3681815514461144
39,1.4979793604084506
40,1.5567398401410597
41,2.89033797437676
42,2.6218864208197035
43,1.5391183103326993
44,1.0880818572992632
45,0.8505897728059798
46,0.8879041420444997
47,1.2278692637959103
48,1.6060005815380052
49,2.6587482417311215
50,3.3587370515182844
51,2.158018107854863
52,1.478947995900332
53,0.9121888721087061
54,0.7745602580719669
55,0.8203300316647567
56,0.9498189436244019
57,1.7268418006388209
58,2.4088448425668387
59,3.081115792640399
60,3.776873267387452
61,4.1138145280494784
62,3.6167363882607213
63,2.6600272602159474
64,1.3392249262182947
65,0.827355510364062
66,0.6638359253807591
67,0.5848380715124857
68,0.6108860915570077
69,0.716236748657559
70,0.7606810528769427
71,0.7264406921946344
72,0.659795620622577
73,0.7507156218177429
74,0.7589659641488355
75,0.7851097701762697
76,0.6074623500853867
77,0.6096279450923687
78,0.6587896263754611
79,0.5565423194682951
80,0.5136081782469232
81,0.568932848707603
82,0.539282745216081
83,0.6535077925598325
84,0.7124895615603081
85,0.8781934366724917
86,1.052362739321649
87,1.5187187199347376
88,2.0172005410453884
89,2.3256817700852053
90,2.272809506624889
91,1.496091863207733
92,1.4772373522886122
93,0.9804784331922581
94,0.7786522776568755
95,0.7327666979731389
96,0.6211431162827934
97,0.6962897283976976
98,0.6668103911063771
99,0.6043865360717398
100,0.5472876948976321
101,0.4990503227367591
102,0.59924303121007
103,0.652858404323255
104,0.8493241218639735
105,1.084874597584605
106,1.3594998974483896
107,2.280882076785267
108,3.724880171540161
