Atoms,RMSF
109,18.423281990471114
109,18.906075938993798
109,19.388603866322097
109,19.814183897047595
109,19.33898339875948
109,20.185676372581952
109,19.916305080336134
109,19.20475630372652
109,18.946156505428505
109,17.930126135070505
