{
    "confidence_score": 0.763709306716919,
    "ptm": 0.8638767600059509,
    "iptm": 0.8295344710350037,
    "ligand_iptm": 0.8295344710350037,
    "protein_iptm": 0.0,
    "complex_plddt": 0.7472530007362366,
    "complex_iplddt": 0.583393394947052,
    "complex_pde": 0.5776398777961731,
    "complex_ipde": 1.2318763732910156,
    "chains_ptm": {
        "0": 0.8905418515205383,
        "1": 0.8072190284729004
    },
    "pair_chains_iptm": {
        "0": {
            "0": 0.8905418515205383,
            "1": 0.48615938425064087
        },
        "1": {
            "0": 0.8295344710350037,
            "1": 0.8072190284729004
        }
    }
}